<keymap version="1" name="VSCode (Migrated)" parent="VSCode OSX">
  <action id="ActivateTerminalToolWindow">
    <keyboard-shortcut first-keystroke="meta back_quote" />
  </action>
  <action id="Back">
    <keyboard-shortcut first-keystroke="alt left" />
  </action>
  <action id="EditorDeleteLine">
    <keyboard-shortcut first-keystroke="shift meta k" />
    <keyboard-shortcut first-keystroke="meta y" />
  </action>
  <action id="EditorDuplicate">
    <keyboard-shortcut first-keystroke="shift alt down" />
    <keyboard-shortcut first-keystroke="meta d" />
  </action>
  <action id="EditorNextWord" />
  <action id="EditorPreviousWord" />
  <action id="Forward">
    <keyboard-shortcut first-keystroke="alt right" />
  </action>
  <action id="GotoImplementation">
    <keyboard-shortcut first-keystroke="meta f12" />
    <keyboard-shortcut first-keystroke="f12" />
  </action>
  <action id="NextWindow" />
  <action id="ReformatCode">
    <keyboard-shortcut first-keystroke="shift alt f" />
    <keyboard-shortcut first-keystroke="meta alt f" />
  </action>
  <action id="Replace">
    <keyboard-shortcut first-keystroke="meta alt f" />
    <keyboard-shortcut first-keystroke="meta r" />
  </action>
  <action id="ReplaceInPath">
    <keyboard-shortcut first-keystroke="shift meta h" />
    <keyboard-shortcut first-keystroke="shift meta r" />
  </action>
  <action id="SaveAll" />
  <action id="ShowSettings">
    <keyboard-shortcut first-keystroke="meta alt s" />
  </action>
</keymap>